{
    "name": "Archi Nanites",
    "modifiers": {
    "fiskheroes:transformation": {
        "key": "NANITE_TRANSFORM",
            "transformation": {
            "toggleData": "fiskheroes:dyn/nanites",
                "timerData": "fiskheroes:dyn/nanite_timer",
                "time": 10
        },
        "soundEvents": {
            "ENABLE": "fiskheroes:mk50_enable",
                "DISABLE": "fiskheroes:mk50_disable"
        }
    },
    "fiskheroes:cooldown": {
        "cooldown": {
            "toggleData": "fiskheroes:dyn/nanites",
                "toggleData": "fiskheroes:shadowform",
                "cooldownData": "fiskheroes:dyn/nanite_cooldown",
                "duration": 600000000,
                "recovery": 3.0
        }
    },
    "fiskheroes:flight": {
        "speed": 0.1
    },
    "fiskheroes:gliding|basic": {
        "isPowered": true,
            "isControlled": true,
            "boostSpeed": 0.25,
            "soundEvents": {
            "ENABLE": "fiskheroes:gliding"
        }
    },
    "fiskheroes:hover": {
        "soundEvents": {
            "ENABLE": ["fiskheroes:iron_man_hover_start", "fiskheroes:iron_man_hover_loop"]
        }
    },
    "fiskheroes:shadowform": {
        "soundEvents": {
            "DISABLE": "fiskheroes:shadowform_disable",
                "ENABLE": ["fiskheroes:shadowform_enable", "fiskheroes:shadowform_loop"]
        }
    },
    "fiskheroes:shadowdome": {
        "chargeTime": 40,
            "duration": 1200,
            "radius": 24.0,
            "soundEvents": {
            "CAST": "fiskheroes:shadowdome_cast_loop",
                "DISSOLVE": "fiskheroes:shadowdome_dissolve",
                "FORM": ["fiskheroes:shadowdome_form", "fiskheroes:shadowdome_form_loop"]
        }
    },
    "fiskheroes:shield": {
        "shield": {
            "health": 10000.0,
                "regeneration": 5.0,
                "recoveryDelay": 50,
                "cooldown": 240
        },
        "coverage": {
            "yawRadius": 180.0,
                "pitchRadius": 180.0,
                "yawOffset": 0.0,
                "pitchOffset": 0.0
        },
        "knockback": 0.0,
            "isToggle": false,
            "soundEvents": {
            "BLOCK_START": "fiskheroes:anti_forcefield",
                "DEFLECT": "fiskheroes:anti_forcefield_deflect"
        }
    },
    "fiskheroes:teleportation": {
        "canReachMoon": true,
            "range": 128.0,
            "soundEvents": {
            "TELEPORT": "fiskheroes:breach"
        }
    },
    "fiskheroes:intangibility": {
        "isAbsolute": false
    },
    "fiskheroes:invisibility": {
    },
    "fiskheroes:fire_immunity": {
    },
    "fiskheroes:telekinesis": {
        "telekinesis": {
            "crushMelons": false,
                "crushThrowables": false,
                "squeezeChickens": false,
                "explodeCreepers": true,
                "destroyInanimates": false
        },
        "canGrab": {
            "mobs": true,
                "items": true,
                "projectiles": true,
                "inanimates": false
        },
        "range": 50.0,
            "soundEvents": {
            "GRAB": ["fiskheroes:shadowchain_loop", "fiskheroes:shadowchain_start"],
                "RELEASE": "fiskheroes:shadowchain_release"
        }
    },
    "fiskheroes:projectile_immunity": {
    },
    "fiskheroes:regeneration": {
        "factor": 5
    },
    "fiskheroes:energy_projection": {
        "damageProfile": {
            "damage": 20.0,
                "types": {
                "BULLET": 1.0
            }
        },
        "range": 24.0,
            "radius": 0.1,
            "soundEvents": {
            "SHOOT": ["fiskheroes:mysterio_beam_loop", "fiskheroes:mysterio_beam_start"],
                "SHOOT_STOP": "fiskheroes:mysterio_beam_stop"
        }
    },
    "fiskheroes:water_breathing": {
    },
    "fiskheroes:spellcasting": {
        "spells": {
            "fiskheroes:whip": {
                "sequence": "ad",
                    "cooldown": 5,
                    "damageProfile": {
                    "damage": 15.0,
                        "types": {
                        "MAGIC": 1.0,
                            "FIRE": 1.0
                    }
                },
                "whipBurn": {
                    "frequency": 20,
                        "damageProfile": {
                        "damage": 13.5,
                            "types": {
                            "MAGIC": 1.0,
                                "FIRE": 1.0
                        },
                        "properties": {
                            "REDUCE_KNOCKBACK": 1.0
                        }
                    }
                }
            },
            "fiskheroes:atmospheric": {
                "sequence": "ad",
                    "cooldown": 5,
                    "pushPower": 2.0,
                    "damageProfile": {
                    "damage": 12.0,
                        "types": {
                        "MAGIC": 1.0
                    }
                }
            },
            "fiskheroes:drones": {
                "sequence": "ad",
                    "cooldown": 5,
                    "centerDist": 5.0,
                    "quantity": 2,
                    "range": 24.0,
                    "damageProfile": {
                    "damage": 15,
                        "types": {
                        "BULLET": 1.0
                    },
                    "properties": {
                        "REDUCE_KNOCKBACK": 1.0
                    }
                }
            },
            "fiskheroes:blindness": {
                "sequence": "ad",
                    "cooldown": 5,
                    "duration": 800,
                    "range": 24.0
            },
            "fiskheroes:earth_swallowing": {
                "sequence": "ad",
                    "cooldown": 5,
                    "range": 48.0,
                    "radius": 6.0,
                    "damageProfile": {
                    "damage": 30.0,
                        "types": {
                        "MAGIC": 1.0
                    }
                }
            },
            "fiskheroes:duplication": {
                "sequence": "ad",
                    "cooldown": 5,
                    "quantity": 5
            }
        },
        "soundEvents": {
            "CAST": "fiskheroes:spell_cast",
                "CAST_FAIL": "fiskheroes:spell_fail"
        }
    },
    "fiskheroes:metal_skin": {
    }
},
    "hud": [
    {
        "type": "PROGRESS",
        "texture": "fiskheroes:textures/gui/bars/nanite_transformation.png",
        "data": "fiskheroes:dyn/nanite_cooldown"
    }
]
}
