  {
  "parent": "fiskheroes:hero_basic",
  "resources": {
    "layer1": "Black's_heroes:none_layer1",
    "layer2": "Black's_heroes:none_layer2"
  }
},
  "custom": {
 "fiskheroes:spellcasting": {
     "colorGeneric": "0xff0000",
     "colorEarthCrack": "0xff0000",
     "colorAtmosphere": "0xff0000",
     "colorWhip": "0xff0000"
   },
 "fiskheroes:spell": {
     "applicable": ["CHESTPLATE"],
     "shape": "fiskheroes:mysterio_glyph",
     "offset": [-1.0, 8.0, 0.0],
     "rotation": [0.0, 0.0, 10.0],
     "scale": 0.3,
     "mirror": true,
     "color": "0xff0000",
     "data": "fiskheroes:spellcast_timer"
   },
   "fiskheroes:energy_projection": {
     "color": "0xff0000",
     "anchor": "rightArm",
     "beams": [
       {
         "firstPerson": [-3.75, 3.0, -8.0],
         "offset": [-0.5, 12.0, 0.0],
         "size": [1.5, 1.5]
       }
     ],
     "mirror": true,
     "renderer": "fiskheroes:mysterio_beam",
     "particleType": "fiskheroes:impact_energy_projection"
   },

 "fiskheroes:rightArm": {
     "dataRArmPose": "Math.max(entity.getInterpolatedData('fiskheroes:energy_projection'), entity.getData('fiskheroes:energy_projection') ? Math.min(entity.getInterpolatedData('fiskheroes:energy_projection') * 3, 1) : Math.max(entity.getInterpolatedData('fiskheroes:energy_projection') * 5 - 4, 0))",
     "dataLArmPose": "Math.max(entity.getInterpolatedData('fiskheroes:energy_projection'), entity.getData('fiskheroes:energy_projection') ? Math.min(entity.getInterpolatedData('fiskheroes:energy_projection') * 3, 1) : Math.max(entity.getInterpolatedData('fiskheroes:energy_projection') * 5 - 4, 0))"
   },
 "fiskheroes:arm_animation": {
     "dataRArmPose": "Math.max(entity.getInterpolatedData('fiskheroes:spellcast_timer'), entity.getData('fiskheroes:spellcast_timer') ? Math.min(entity.getInterpolatedData('fiskheroes:beam_charge') * 3, 1) : Math.max(entity.getInterpolatedData('fiskheroes:beam_charge') * 5 - 4, 0))",
     "dataLArmPose": "Math.max(entity.getInterpolatedData('fiskheroes:spellcast_timer'), entity.getData('fiskheroes:spellcast_timer') ? Math.min(entity.getInterpolatedData('fiskheroes:beam_charge') * 3, 1) : Math.max(entity.getInterpolatedData('fiskheroes:beam_charge') * 5 - 4, 0))"
   },
 "fiskheroes:cape": {
     "applicable": ["CHESTPLATE"],
     "texture": "cape",
     "length": 24
 },
 "fiskheroes:invisibility": {
     "applicable": ["HELMET", "CHESTPLATE", "LEGGINGS", "BOOTS"],
     "opacityMin": 0.3,
     "opacityMax": 1.0,
     "data": "fiskheroes:intangibility_timer"
   },
 "fiskheroes:particle_cloud": {
     "particles": "afhjk:archi",
     "conditionals": ["vars:SHADOWFORM"]
   },
 "fiskheroes:telekinesis_chain": {
     "particles": "afhjk:archi",
     "anchor": "rightArm",
     "offset": [-0.5, 10.0, 0.0],
     "firstPerson": [-4.75, 4.0, -8.5]
   },
 "fiskheroes:shadowdome": {
     "texture": "fiskheroes:textures/entity/shadow_dome.png",
     "shape": [36, 18]
   },
   "fiskheroes:animation|normal": {
     "animation": "afhjk:flight",
     "data": "1 - entity.getInterpolatedData('fiskheroes:wing_animation_timer')",
   "conditionals": ["vars:FLY_NORMAL"]
   },
 "fiskheroes:forcefield": {
     "color": "#FF0000",
     "rotation": [0.0, 0.0, 0.0],
     "translation": [0.0, 6.0, 0.0],
     "scale": [1.25, 1.25, 1.25],
     "shape": [36, 18],
     "data": "entity.getInterpolatedData('fiskheroes:shield_blocking_timer') * 0.15"
   },
 "fiskheroes:teleportation": {
     "particles": "afhjk:archi"
   },
     "fiskheroes:animation|glide_1": {
       "animation": "afhjk:glide_archi_classic",
       "data": "fiskheroes:glide_flying_timer",
     "conditionals": ["vars:FLY_CLASSIC"]
   }
 },
 "vars": {
   "ANIM": "entity.getInterpolatedData('fiskheroes:dyn/nanite_timer') < 1",
   "OPEN": "entity.getInterpolatedData('fiskheroes:dyn/nanite_timer') == 0",
   "MASK_OPEN": "entity.getData('fiskheroes:mask_open_timer2') > 0",
   "DISPLAY": "entity.isDisplayStand()",
 "CAPE": "entity.getData('fiskheroes:dyn/nanite_timer') < 1 || entity.isDisplayStand()",
 "FLY_NORMAL": "!entity.getData('fiskheroes:gliding') && !entity.isOnGround()",
 "FLY_CLASSIC": "((Math.abs(entity.motionX())) <=3.5 ) || ((Math.abs(entity.motionY())) <=3.5) || ((Math.abs(entity.motionZ())) <=3.5)",
 "SHADOWFORM": "entity.getData('fiskheroes:shadowform')"
 }
}
